Workbook
Name Slicer_Date_of_Call__Month: #N/A
Name Slicer_Representative: #N/A

Sheet Data
B1: Call Centre Data
B3: Call number | C3: Customer ID | D3: Duration | E3: Representative | F3: Date of Call | G3: Purchase Amount | H3: Satisfaction Rating | I3: FY | J3: Day of week | K3: Duration Bucket | L3: Rating rounded | Q3: Customer ID | R3: Gedner | S3: Age | T3: City
B4: Call_7271 | C4: C0003 | D4: 116 | E4: R05 | F4: 44927 | G4: 128 | H4: 4.9 | I4: =IF(MONTH(calls[[#This Row],[Date of Call]])<=6, YEAR(calls[[#This Row],[Date of Call]]), YEAR(calls[[#This Row],[Date of Call]])+1) -> 2023 | J4: =TEXT(calls[[#This Row],[Date of Call]],"DDDD") -> Sunday | K4: {=_xlfn.IFS(calls[[#This Row],[Duration]]<=10,"Under 10 mins", calls[[#This Row],[Duration]]<=30, "10 to 30 mins", calls[[#This Row],[Duration]]<=60, "30 to 60 mins", calls[[#This Row],[Duration]]<=120, "1 to 2 hours", TRUE, "More than 2 hours")} -> 1 to 2 hours | L4: =ROUND(calls[[#This Row],[Satisfaction Rating]],0) -> 5 | Q4: C0001 | R4: Male | S4: 41 | T4: Columbus
B5: Call_7272 | C5: C0004 | D5: 119 | E5: R05 | F5: 44927 | G5: 135 | H5: 2.9 | I5: =IF(MONTH(calls[[#This Row],[Date of Call]])<=6, YEAR(calls[[#This Row],[Date of Call]]), YEAR(calls[[#This Row],[Date of Call]])+1) -> 2023 | J5: =TEXT(calls[[#This Row],[Date of Call]],"DDDD") -> Sunday | K5: {=_xlfn.IFS(calls[[#This Row],[Duration]]<=10,"Under 10 mins", calls[[#This Row],[Duration]]<=30, "10 to 30 mins", calls[[#This Row],[Duration]]<=60, "30 to 60 mins", calls[[#This Row],[Duration]]<=120, "1 to 2 hours", TRUE, "More than 2 hours")} -> 1 to 2 hours | L5: =ROUND(calls[[#This Row],[Satisfaction Rating]],0) -> 3 | Q5: C0002 | R5: Male | S5: 31 | T5: Cleveland
B6: Call_7273 | C6: C0005 | D6: 68 | E6: R02 | F6: 44927 | G6: 66 | H6: 4.7 | I6: =IF(MONTH(calls[[#This Row],[Date of Call]])<=6, YEAR(calls[[#This Row],[Date of Call]]), YEAR(calls[[#This Row],[Date of Call]])+1) -> 2023 | J6: =TEXT(calls[[#This Row],[Date of Call]],"DDDD") -> Sunday | K6: {=_xlfn.IFS(calls[[#This Row],[Duration]]<=10,"Under 10 mins", calls[[#This Row],[Duration]]<=30, "10 to 30 mins", calls[[#This Row],[Duration]]<=60, "30 to 60 mins", calls[[#This Row],[Duration]]<=120, "1 to 2 hours", TRUE, "More than 2 hours")} -> 1 to 2 hours | L6: =ROUND(calls[[#This Row],[Satisfaction Rating]],0) -> 5 | Q6: C0003 | R6: Male | S6: 26 | T6: Cincinnati
B7: Call_7274 | C7: C0014 | D7: 119 | E7: R02 | F7: 44927 | G7: 22 | H7: 2.9 | I7: =IF(MONTH(calls[[#This Row],[Date of Call]])<=6, YEAR(calls[[#This Row],[Date of Call]]), YEAR(calls[[#This Row],[Date of Call]])+1) -> 2023 | J7: =TEXT(calls[[#This Row],[Date of Call]],"DDDD") -> Sunday | K7: {=_xlfn.IFS(calls[[#This Row],[Duration]]<=10,"Under 10 mins", calls[[#This Row],[Duration]]<=30, "10 to 30 mins", calls[[#This Row],[Duration]]<=60, "30 to 60 mins", calls[[#This Row],[Duration]]<=120, "1 to 2 hours", TRUE, "More than 2 hours")} -> 1 to 2 hours | L7: =ROUND(calls[[#This Row],[Satisfaction Rating]],0) -> 3 | Q7: C0004 | R7: Male | S7: 36 | T7: Cincinnati
B8: Call_7275 | C8: C0011 | D8: 128 | E8: R01 | F8: 44928 | G8: 31 | H8: 2.8 | I8: =IF(MONTH(calls[[#This Row],[Date of Call]])<=6, YEAR(calls[[#This Row],[Date of Call]]), YEAR(calls[[#This Row],[Date of Call]])+1) -> 2023 | J8: =TEXT(calls[[#This Row],[Date of Call]],"DDDD") -> Monday | K8: {=_xlfn.IFS(calls[[#This Row],[Duration]]<=10,"Under 10 mins", calls[[#This Row],[Duration]]<=30, "10 to 30 mins", calls[[#This Row],[Duration]]<=60, "30 to 60 mins", calls[[#This Row],[Duration]]<=120, "1 to 2 hours", TRUE, "More than 2 hours")} -> More than 2 hours | L8: =ROUND(calls[[#This Row],[Satisfaction Rating]],0) -> 3 | Q8: C0005 | R8: Male | S8: 37 | T8: Columbus
B9: Call_7276 | C9: C0011 | D9: 49 | E9: R02 | F9: 44929 | G9: 135 | H9: 4.8 | I9: =IF(MONTH(calls[[#This Row],[Date of Call]])<=6, YEAR(calls[[#This Row],[Date of Call]]), YEAR(calls[[#This Row],[Date of Call]])+1) -> 2023 | J9: =TEXT(calls[[#This Row],[Date of Call]],"DDDD") -> Tuesday | K9: {=_xlfn.IFS(calls[[#This Row],[Duration]]<=10,"Under 10 mins", calls[[#This Row],[Duration]]<=30, "10 to 30 mins", calls[[#This Row],[Duration]]<=60, "30 to 60 mins", calls[[#This Row],[Duration]]<=120, "1 to 2 hours", TRUE, "More than 2 hours")} -> 30 to 60 mins | L9: =ROUND(calls[[#This Row],[Satisfaction Rating]],0) -> 5 | Q9: C0006 | R9: Male | S9: 23 | T9: Columbus
B10: Call_7277 | C10: C0007 | D10: 84 | E10: R05 | F10: 44929 | G10: 60 | H10: 4.7 | I10: =IF(MONTH(calls[[#This Row],[Date of Call]])<=6, YEAR(calls[[#This Row],[Date of Call]]), YEAR(calls[[#This Row],[Date of Call]])+1) -> 2023 | J10: =TEXT(calls[[#This Row],[Date of Call]],"DDDD") -> Tuesday | K10: {=_xlfn.IFS(calls[[#This Row],[Duration]]<=10,"Under 10 mins", calls[[#This Row],[Duration]]<=30, "10 to 30 mins", calls[[#This Row],[Duration]]<=60, "30 to 60 mins", calls[[#This Row],[Duration]]<=120, "1 to 2 hours", TRUE, "More than 2 hours")} -> 1 to 2 hours | L10: =ROUND(calls[[#This Row],[Satisfaction Rating]],0) -> 5 | Q10: C0007 | R10: Female | S10: 22 | T10: Cleveland
B11: Call_7278 | C11: C0003 | D11: 103 | E11: R04 | F11: 44929 | G11: 148 | H11: 4.4 | I11: =IF(MONTH(calls[[#This Row],[Date of Call]])<=6, YEAR(calls[[#This Row],[Date of Call]]), YEAR(calls[[#This Row],[Date of Call]])+1) -> 2023 | J11: =TEXT(calls[[#This Row],[Date of Call]],"DDDD") -> Tuesday | K11: {=_xlfn.IFS(calls[[#This Row],[Duration]]<=10,"Under 10 mins", calls[[#This Row],[Duration]]<=30, "10 to 30 mins", calls[[#This Row],[Duration]]<=60, "30 to 60 mins", calls[[#This Row],[Duration]]<=120, "1 to 2 hours", TRUE, "More than 2 hours")} -> 1 to 2 hours | L11: =ROUND(calls[[#This Row],[Satisfaction Rating]],0) -> 4 | Q11: C0008 | R11: Female | S11: 42 | T11: Cleveland
B12: Call_7279 | C12: C0005 | D12: 31 | E12: R02 | F12: 44929 | G12: 135 | H12: 3.6 | I12: =IF(MONTH(calls[[#This Row],[Date of Call]])<=6, YEAR(calls[[#This Row],[Date of Call]]), YEAR(calls[[#This Row],[Date of Call]])+1) -> 2023 | J12: =TEXT(calls[[#This Row],[Date of Call]],"DDDD") -> Tuesday | K12: {=_xlfn.IFS(calls[[#This Row],[Duration]]<=10,"Under 10 mins", calls[[#This Row],[Duration]]<=30, "10 to 30 mins", calls[[#This Row],[Duration]]<=60, "30 to 60 mins", calls[[#This Row],[Duration]]<=120, "1 to 2 hours", TRUE, "More than 2 hours")} -> 30 to 60 mins | L12: =ROUND(calls[[#This Row],[Satisfaction Rating]],0) -> 4 | Q12: C0009 | R12: Female | S12: 25 | T12: Columbus
B13: Call_7280 | C13: C0010 | D13: 44 | E13: R03 | F13: 44929 | G13: 105 | H13: 2.9 | I13: =IF(MONTH(calls[[#This Row],[Date of Call]])<=6, YEAR(calls[[#This Row],[Date of Call]]), YEAR(calls[[#This Row],[Date of Call]])+1) -> 2023 | J13: =TEXT(calls[[#This Row],[Date of Call]],"DDDD") -> Tuesday | K13: {=_xlfn.IFS(calls[[#This Row],[Duration]]<=10,"Under 10 mins", calls[[#This Row],[Duration]]<=30, "10 to 30 mins", calls[[#This Row],[Duration]]<=60, "30 to 60 mins", calls[[#This Row],[Duration]]<=120, "1 to 2 hours", TRUE, "More than 2 hours")} -> 30 to 60 mins | L13: =ROUND(calls[[#This Row],[Satisfaction Rating]],0) -> 3 | Q13: C0010 | R13: Female | S13: 30 | T13: Cleveland
B14: Call_7281 | C14: C0011 | D14: 102 | E14: R02 | F14: 44929 | G14: 69 | H14: 4.9 | I14: =IF(MONTH(calls[[#This Row],[Date of Call]])<=6, YEAR(calls[[#This Row],[Date of Call]]), YEAR(calls[[#This Row],[Date of Call]])+1) -> 2023 | J14: =TEXT(calls[[#This Row],[Date of Call]],"DDDD") -> Tuesday | K14: {=_xlfn.IFS(calls[[#This Row],[Duration]]<=10,"Under 10 mins", calls[[#This Row],[Duration]]<=30, "10 to 30 mins", calls[[#This Row],[Duration]]<=60, "30 to 60 mins", calls[[#This Row],[Duration]]<=120, "1 to 2 hours", TRUE, "More than 2 hours")} -> 1 to 2 hours | L14: =ROUND(calls[[#This Row],[Satisfaction Rating]],0) -> 5 | Q14: C0011 | R14: Female | S14: 30 | T14: Cincinnati
B15: Call_7282 | C15: C0013 | D15: 135 | E15: R05 | F15: 44929 | G15: 46 | H15: 3.4 | I15: =IF(MONTH(calls[[#This Row],[Date of Call]])<=6, YEAR(calls[[#This Row],[Date of Call]]), YEAR(calls[[#This Row],[Date of Call]])+1) -> 2023 | J15: =TEXT(calls[[#This Row],[Date of Call]],"DDDD") -> Tuesday | K15: {=_xlfn.IFS(calls[[#This Row],[Duration]]<=10,"Under 10 mins", calls[[#This Row],[Duration]]<=30, "10 to 30 mins", calls[[#This Row],[Duration]]<=60, "30 to 60 mins", calls[[#This Row],[Duration]]<=120, "1 to 2 hours", TRUE, "More than 2 hours")} -> More than 2 hours | L15: =ROUND(calls[[#This Row],[Satisfaction Rating]],0) -> 3 | Q15: C0012 | R15: Female | S15: 28 | T15: Cincinnati
... B18: Call_7285 | C18: C0013 | D18: 48 | E18: R01 | F18: 44930 | G18: 68 | H18: 4.9 | I18: =IF(MONTH(calls[[#This Row],[Date of Call]])<=6, YEAR(calls[[#This Row],[Date of Call]]), YEAR(calls[[#This Row],[Date of Call]])+1) -> 2023 | J18: =TEXT(calls[[#This Row],[Date of Call]],"DDDD") -> Wednesday | K18: {=_xlfn.IFS(calls[[#This Row],[Duration]]<=10,"Under 10 mins", calls[[#This Row],[Duration]]<=30, "10 to 30 mins", calls[[#This Row],[Duration]]<=60, "30 to 60 mins", calls[[#This Row],[Duration]]<=120, "1 to 2 hours", TRUE, "More than 2 hours")} -> 30 to 60 mins | L18: =ROUND(calls[[#This Row],[Satisfaction Rating]],0) -> 5 | Q18: C0015 | R18: Female | S18: 43 | T18: Cleveland
B19: Call_7286 | C19: C0010 | D19: 176 | E19: R05 | F19: 44931 | G19: 24 | H19: 4.8 | I19: =IF(MONTH(calls[[#This Row],[Date of Call]])<=6, YEAR(calls[[#This Row],[Date of Call]]), YEAR(calls[[#This Row],[Date of Call]])+1) -> 2023 | J19: =TEXT(calls[[#This Row],[Date of Call]],"DDDD") -> Thursday | K19: {=_xlfn.IFS(calls[[#This Row],[Duration]]<=10,"Under 10 mins", calls[[#This Row],[Duration]]<=30, "10 to 30 mins", calls[[#This Row],[Duration]]<=60, "30 to 60 mins", calls[[#This Row],[Duration]]<=120, "1 to 2 hours", TRUE, "More than 2 hours")} -> More than 2 hours | L19: =ROUND(calls[[#This Row],[Satisfaction Rating]],0) -> 5
B20: Call_7287 | C20: C0010 | D20: 99 | E20: R01 | F20: 44931 | G20: 195 | H20: 3.9 | I20: =IF(MONTH(calls[[#This Row],[Date of Call]])<=6, YEAR(calls[[#This Row],[Date of Call]]), YEAR(calls[[#This Row],[Date of Call]])+1) -> 2023 | J20: =TEXT(calls[[#This Row],[Date of Call]],"DDDD") -> Thursday | K20: {=_xlfn.IFS(calls[[#This Row],[Duration]]<=10,"Under 10 mins", calls[[#This Row],[Duration]]<=30, "10 to 30 mins", calls[[#This Row],[Duration]]<=60, "30 to 60 mins", calls[[#This Row],[Duration]]<=120, "1 to 2 hours", TRUE, "More than 2 hours")} -> 1 to 2 hours | L20: =ROUND(calls[[#This Row],[Satisfaction Rating]],0) -> 4
B21: Call_7288 | C21: C0009 | D21: 28 | E21: R03 | F21: 44931 | G21: 28 | H21: 3.8 | I21: =IF(MONTH(calls[[#This Row],[Date of Call]])<=6, YEAR(calls[[#This Row],[Date of Call]]), YEAR(calls[[#This Row],[Date of Call]])+1) -> 2023 | J21: =TEXT(calls[[#This Row],[Date of Call]],"DDDD") -> Thursday | K21: {=_xlfn.IFS(calls[[#This Row],[Duration]]<=10,"Under 10 mins", calls[[#This Row],[Duration]]<=30, "10 to 30 mins", calls[[#This Row],[Duration]]<=60, "30 to 60 mins", calls[[#This Row],[Duration]]<=120, "1 to 2 hours", TRUE, "More than 2 hours")} -> 10 to 30 mins | L21: =ROUND(calls[[#This Row],[Satisfaction Rating]],0) -> 4
B22: Call_7289 | C22: C0007 | D22: 54 | E22: R02 | F22: 44931 | G22: 170 | H22: 4.3 | I22: =IF(MONTH(calls[[#This Row],[Date of Call]])<=6, YEAR(calls[[#This Row],[Date of Call]]), YEAR(calls[[#This Row],[Date of Call]])+1) -> 2023 | J22: =TEXT(calls[[#This Row],[Date of Call]],"DDDD") -> Thursday | K22: {=_xlfn.IFS(calls[[#This Row],[Duration]]<=10,"Under 10 mins", calls[[#This Row],[Duration]]<=30, "10 to 30 mins", calls[[#This Row],[Duration]]<=60, "30 to 60 mins", calls[[#This Row],[Duration]]<=120, "1 to 2 hours", TRUE, "More than 2 hours")} -> 30 to 60 mins | L22: =ROUND(calls[[#This Row],[Satisfaction Rating]],0) -> 4
B23: Call_7290 | C23: C0006 | D23: 48 | E23: R05 | F23: 44932 | G23: 30 | H23: 4.4 | I23: =IF(MONTH(calls[[#This Row],[Date of Call]])<=6, YEAR(calls[[#This Row],[Date of Call]]), YEAR(calls[[#This Row],[Date of Call]])+1) -> 2023 | J23: =TEXT(calls[[#This Row],[Date of Call]],"DDDD") -> Friday | K23: {=_xlfn.IFS(calls[[#This Row],[Duration]]<=10,"Under 10 mins", calls[[#This Row],[Duration]]<=30, "10 to 30 mins", calls[[#This Row],[Duration]]<=60, "30 to 60 mins", calls[[#This Row],[Duration]]<=120, "1 to 2 hours", TRUE, "More than 2 hours")} -> 30 to 60 mins | L23: =ROUND(calls[[#This Row],[Satisfaction Rating]],0) -> 4
B24: Call_7291 | C24: C0004 | D24: 128 | E24: R05 | F24: 44932 | G24: 72 | H24: 5 | I24: =IF(MONTH(calls[[#This Row],[Date of Call]])<=6, YEAR(calls[[#This Row],[Date of Call]]), YEAR(calls[[#This Row],[Date of Call]])+1) -> 2023 | J24: =TEXT(calls[[#This Row],[Date of Call]],"DDDD") -> Friday | K24: {=_xlfn.IFS(calls[[#This Row],[Duration]]<=10,"Under 10 mins", calls[[#This Row],[Duration]]<=30, "10 to 30 mins", calls[[#This Row],[Duration]]<=60, "30 to 60 mins", calls[[#This Row],[Duration]]<=120, "1 to 2 hours", TRUE, "More than 2 hours")} -> More than 2 hours | L24: =ROUND(calls[[#This Row],[Satisfaction Rating]],0) -> 5
B25: Call_7292 | C25: C0004 | D25: 38 | E25: R04 | F25: 44933 | G25: 92 | H25: 4.9 | I25: =IF(MONTH(calls[[#This Row],[Date of Call]])<=6, YEAR(calls[[#This Row],[Date of Call]]), YEAR(calls[[#This Row],[Date of Call]])+1) -> 2023 | J25: =TEXT(calls[[#This Row],[Date of Call]],"DDDD") -> Saturday | K25: {=_xlfn.IFS(calls[[#This Row],[Duration]]<=10,"Under 10 mins", calls[[#This Row],[Duration]]<=30, "10 to 30 mins", calls[[#This Row],[Duration]]<=60, "30 to 60 mins", calls[[#This Row],[Duration]]<=120, "1 to 2 hours", TRUE, "More than 2 hours")} -> 30 to 60 mins | L25: =ROUND(calls[[#This Row],[Satisfaction Rating]],0) -> 5
B26: Call_7293 | C26: C0003 | D26: 67 | E26: R04 | F26: 44934 | G26: 165 | H26: 4.5 | I26: =IF(MONTH(calls[[#This Row],[Date of Call]])<=6, YEAR(calls[[#This Row],[Date of Call]]), YEAR(calls[[#This Row],[Date of Call]])+1) -> 2023 | J26: =TEXT(calls[[#This Row],[Date of Call]],"DDDD") -> Sunday | K26: {=_xlfn.IFS(calls[[#This Row],[Duration]]<=10,"Under 10 mins", calls[[#This Row],[Duration]]<=30, "10 to 30 mins", calls[[#This Row],[Duration]]<=60, "30 to 60 mins", calls[[#This Row],[Duration]]<=120, "1 to 2 hours", TRUE, "More than 2 hours")} -> 1 to 2 hours | L26: =ROUND(calls[[#This Row],[Satisfaction Rating]],0) -> 5
B27: Call_7294 | C27: C0015 | D27: 58 | E27: R02 | F27: 44934 | G27: 140 | H27: 2.1 | I27: =IF(MONTH(calls[[#This Row],[Date of Call]])<=6, YEAR(calls[[#This Row],[Date of Call]]), YEAR(calls[[#This Row],[Date of Call]])+1) -> 2023 | J27: =TEXT(calls[[#This Row],[Date of Call]],"DDDD") -> Sunday | K27: {=_xlfn.IFS(calls[[#This Row],[Duration]]<=10,"Under 10 mins", calls[[#This Row],[Duration]]<=30, "10 to 30 mins", calls[[#This Row],[Duration]]<=60, "30 to 60 mins", calls[[#This Row],[Duration]]<=120, "1 to 2 hours", TRUE, "More than 2 hours")} -> 30 to 60 mins | L27: =ROUND(calls[[#This Row],[Satisfaction Rating]],0) -> 2
B28: Call_7295 | C28: C0010 | D28: 54 | E28: R01 | F28: 44934 | G28: 111 | H28: 3.3 | I28: =IF(MONTH(calls[[#This Row],[Date of Call]])<=6, YEAR(calls[[#This Row],[Date of Call]]), YEAR(calls[[#This Row],[Date of Call]])+1) -> 2023 | J28: =TEXT(calls[[#This Row],[Date of Call]],"DDDD") -> Sunday | K28: {=_xlfn.IFS(calls[[#This Row],[Duration]]<=10,"Under 10 mins", calls[[#This Row],[Duration]]<=30, "10 to 30 mins", calls[[#This Row],[Duration]]<=60, "30 to 60 mins", calls[[#This Row],[Duration]]<=120, "1 to 2 hours", TRUE, "More than 2 hours")} -> 30 to 60 mins | L28: =ROUND(calls[[#This Row],[Satisfaction Rating]],0) -> 3
B29: Call_7296 | C29: C0012 | D29: 28 | E29: R05 | F29: 44935 | G29: 63 | H29: 4.1 | I29: =IF(MONTH(calls[[#This Row],[Date of Call]])<=6, YEAR(calls[[#This Row],[Date of Call]]), YEAR(calls[[#This Row],[Date of Call]])+1) -> 2023 | J29: =TEXT(calls[[#This Row],[Date of Call]],"DDDD") -> Monday | K29: {=_xlfn.IFS(calls[[#This Row],[Duration]]<=10,"Under 10 mins", calls[[#This Row],[Duration]]<=30, "10 to 30 mins", calls[[#This Row],[Duration]]<=60, "30 to 60 mins", calls[[#This Row],[Duration]]<=120, "1 to 2 hours", TRUE, "More than 2 hours")} -> 10 to 30 mins | L29: =ROUND(calls[[#This Row],[Satisfaction Rating]],0) -> 4
B30: Call_7297 | C30: C0002 | D30: 73 | E30: R05 | F30: 44935 | G30: 80 | H30: 4.2 | I30: =IF(MONTH(calls[[#This Row],[Date of Call]])<=6, YEAR(calls[[#This Row],[Date of Call]]), YEAR(calls[[#This Row],[Date of Call]])+1) -> 2023 | J30: =TEXT(calls[[#This Row],[Date of Call]],"DDDD") -> Monday | K30: {=_xlfn.IFS(calls[[#This Row],[Duration]]<=10,"Under 10 mins", calls[[#This Row],[Duration]]<=30, "10 to 30 mins", calls[[#This Row],[Duration]]<=60, "30 to 60 mins", calls[[#This Row],[Duration]]<=120, "1 to 2 hours", TRUE, "More than 2 hours")} -> 1 to 2 hours | L30: =ROUND(calls[[#This Row],[Satisfaction Rating]],0) -> 4
... B1003: Call_8270 | C1003: C0009 | D1003: 114 | E1003: R01 | F1003: 45291 | G1003: 40 | H1003: 3.9 | I1003: =IF(MONTH(calls[[#This Row],[Date of Call]])<=6, YEAR(calls[[#This Row],[Date of Call]]), YEAR(calls[[#This Row],[Date of Call]])+1) -> 2024 | J1003: =TEXT(calls[[#This Row],[Date of Call]],"DDDD") -> Sunday | K1003: {=_xlfn.IFS(calls[[#This Row],[Duration]]<=10,"Under 10 mins", calls[[#This Row],[Duration]]<=30, "10 to 30 mins", calls[[#This Row],[Duration]]<=60, "30 to 60 mins", calls[[#This Row],[Duration]]<=120, "1 to 2 hours", TRUE, "More than 2 hours")} -> 1 to 2 hours | L1003: =ROUND(calls[[#This Row],[Satisfaction Rating]],0) -> 4

Sheet Pivots
A3: call count | B3: Total amount | C3: Total Duration | D3: Avg,Rating | E3: 5*calls
A4: 1000 | B4: 96623 | C4: 89850 | D4: 3.8854 | E4: 307
A9: call count | B9: Total amount | C9: Total Duration | D9: Avg,Rating | E9: 5*calls
A10: 189 | B10: 18415 | C10: 16834 | D10: 3.9227513 | E10: 60
A14: Row Labels | B14: Count of Call number | C14: Count of Date of Call
A15: Jan | B15: 16 | C15: 16
A16: Feb | B16: 14 | C16: 14
A17: Mar | B17: 26 | C17: 26
A18: Apr | B18: 29 | C18: 29
A19: May | B19: 17 | C19: 17
A20: Jun | B20: 15 | C20: 15
A21: Jul | B21: 15 | C21: 15
A22: Aug | B22: 7 | C22: 7
A23: Sep | B23: 11 | C23: 11
A24: Oct | B24: 24 | C24: 24
A25: Nov | B25: 9 | C25: 9
A26: Dec | B26: 6 | C26: 6
A27: Grand Total | B27: 189 | C27: 189
A36: Row Labels | B36: call count
A37: Sunday | B37: 36
A38: Monday | B38: 30
A39: Tuesday | B39: 13
A40: Wednesday | B40: 23
A41: Thursday | B41: 23
A42: Friday | B42: 24
A43: Saturday | B43: 40
A44: Grand Total | B44: 189
H48: selected rep | I48: =B77 -> R01
A49: Row Labels | B49: Count of Call number | C49: Sum of Purchase Amount | E49: rep | F49: calls | G49: amount | H49: sel.call | I49: sel.amount
A50: R01 | B50: 189 | C50: 18415 | E50: {=A50:C54} -> R01 | F50: 189 | G50: 18415 | H50: =IF(E50=$I$48,F50,NA()) -> 189 | I50: =IF(E50=$I$48,G50,NA()) -> 18415
A51: R02 | B51: 218 | C51: 20581 | E51: R02 | F51: 218 | G51: 20581 | H51: =IF(E51=$I$48,F51,NA()) -> #N/A | I51: =IF(E51=$I$48,G51,NA()) -> #N/A
A52: R03 | B52: 207 | C52: 20872 | E52: R03 | F52: 207 | G52: 20872 | H52: =IF(E52=$I$48,F52,NA()) -> #N/A | I52: =IF(E52=$I$48,G52,NA()) -> #N/A
A53: R04 | B53: 186 | C53: 16651 | E53: R04 | F53: 186 | G53: 16651 | H53: =IF(E53=$I$48,F53,NA()) -> #N/A | I53: =IF(E53=$I$48,G53,NA()) -> #N/A
A54: R05 | B54: 200 | C54: 20104 | E54: R05 | F54: 200 | G54: 20104 | H54: =IF(E54=$I$48,F54,NA()) -> #N/A | I54: =IF(E54=$I$48,G54,NA()) -> #N/A
A55: Grand Total | B55: 1000 | C55: 96623
B61: Row Labels | C61: Count of Call number | D61: Count of Date of Call
B62: Jan | C62: 16 | D62: 16
B63: Feb | C63: 14 | D63: 14
B64: Mar | C64: 26 | D64: 26
B65: Apr | C65: 29 | D65: 29
B66: May | C66: 17 | D66: 17
B67: Jun | C67: 15 | D67: 15
B68: Jul | C68: 15 | D68: 15
B69: Aug | C69: 7 | D69: 7
B70: Sep | C70: 11 | D70: 11
B71: Oct | C71: 24 | D71: 24
B72: Nov | C72: 9 | D72: 9
B73: Dec | C73: 6 | D73: 6
B74: Grand Total | C74: 189 | D74: 189
D75: call count | E75: Column Labels
B76: Row Labels | D76: Row Labels | E76: Female | F76: Male | G76: Grand Total
B77: R01 | D77: Cincinnati | E77: 144 | F77: 132 | G77: 276
D78: Cleveland | E78: 326 | F78: 63 | G78: 389
D79: Columbus | E79: 129 | F79: 206 | G79: 335
D80: Grand Total | E80: 599 | F80: 401 | G80: 1000
B84: Row Labels | C84: call count | D84: rep sammary
B85: 1 | C85: 1
B86: 2 | C86: 9 | D86: % of calls | E86: =A10/A4 -> 0.189
B87: 3 | C87: 31 | D87: call | E87: =_xlfn.XLOOKUP(B77,E50:E54,F50:F54) -> 189
B88: 4 | C88: 88 | D88: amount | E88: =_xlfn.XLOOKUP(B77,E50:E54,G50:G54) -> 18415
B89: 5 | C89: 60
B90: Grand Total | C90: 189 | D90: call rank | E90: =_xlfn.RANK.AVG(E87,F50:F54) -> 4
D91: Amount rank | E91: =_xlfn.RANK.AVG(E88,G50:G54) -> 4
F94: lable
G95: ="% of calls:"&TEXT(E86,"0%") -> % of calls:19%
B96: Total amount | C96: Column Labels | G96: =IF(COUNTA(B77:B82)>1,"","Call Rank:"&E90) -> Call Rank:4
B97: Row Labels | C97: R01 | D97: Grand Total | G97: =IF(COUNTA(B77:B82)>1,"","Amount Rank:"&E91) -> Amount Rank:4
B98: Cincinnati
B99: C0003 | C99: 891 | D99: 891
B100: C0004 | C100: 1991 | D100: 1991
B101: C0011 | C101: 1163 | D101: 1163
B102: C0012 | C102: 1438 | D102: 1438
B103: Cleveland
B104: C0002 | C104: 1233 | D104: 1233
B105: C0007 | C105: 1598 | D105: 1598
B106: C0008 | C106: 900 | D106: 900
B107: C0010 | C107: 900 | D107: 900
B108: C0013 | C108: 1255 | D108: 1255
B109: C0015 | C109: 1138 | D109: 1138
B110: Columbus
B111: C0001 | C111: 1655 | D111: 1655
B112: C0005 | C112: 1104 | D112: 1104
B113: C0006 | C113: 372 | D113: 372
B114: C0009 | C114: 1415 | D114: 1415
B115: C0014 | C115: 1362 | D115: 1362
B122: Row Labels | C122: call count
B123: Jan | C123: 79
B124: Feb | C124: 66
B125: Mar | C125: 155
B126: Apr | C126: 136
B127: May | C127: 83
B128: Jun | C128: 67
B129: Jul | C129: 64
B130: Aug | C130: 50
B131: Sep | C131: 76
B132: Oct | C132: 114
B133: Nov | C133: 57
B134: Dec | C134: 53
B135: Grand Total | C135: 1000
B142: Row Labels | C142: Sum of Purchase Amount
...

Sheet Assets
E2: Rep ID | F2: Rep Image
E3: R01 | F3: #VALUE!
E4: R02 | F4: #VALUE!
E5: R03 | F5: #VALUE!
E6: R04 | F6: #VALUE!
E7: R05 | F7: #VALUE!

Sheet Purpose
B3: 1.Why This Analysis Matters
B4: " goal is to better understand customer engagement and representative performance so we can improve service delivery, increase revenue, and identify where we’re winning — and where we need to improve."
B7: Purpose of Data Analysis
B9: 1. Call Volume Analysis
B13: Which month had the highest and lowest number of calls received?
B15: 2. Purchase Activity
B19: Identify the highest and lowest months for purchases.
B21: 3. Call Duration Trends
B25: Determine the month with the longest and shortest total call durations.
B27: 4. Customer Rating Trend
B31: Analyze the average rating trend over time
B33: 5. Customer Satisfaction
... B93: Who is the best performer in terms of amount generated?

Sheet  Overoll summery
C3: Call Center Report monthly

Sheet Customer center Report
B1: CALL CENTER REPORT - 2023
N40: =Pivots!G95 -> % of calls:19%
N42: =Pivots!G96 -> Call Rank:4
N44: =Pivots!G97 -> Amount Rank:4

Sheet Calls monthly
M18: 📈 Highest Calls:
M20: March: 155 (15.5% of total)
M22: April: 136 (13.6% of total)
M24: October: 114 (11.4% of total)
M26: 📉 Lowest Call:
M28: August: 50 (5.0% of total)

Sheet Amount Monthly
N17: 📈 Highest Purchases:
N19: March: 14,563 (15.07% of total)
N21: April: 13,536 (14.01% of total)
N23: October: 10,875 (11.26% of total)
N25: 📉 Lowest Purchase:
N27: August: 4,950 (5.12% of total)

Sheet Duration
N12: 📈 Highest Durations:
N14: March: 13,923 (15.5%)
N16: April: 11,404 (12.7%)
N18: October: 10,134 (11.3%)
N20: 📉 Lowest Duration:
N22: August: 4,553 (5.1%)

Sheet Avg.Rating
O12: ⭐ Highest Rating (3.9):
O14: Jan, Mar, Apr, May, Jun, Aug, Sep, Oct
O15: (Consistently high in most months)
O17: ⚠️ Lowest Rating (3.8):
O19: Feb, Jul, Nov, Dec

Sheet Happy caller
O14: ✅ Highest Months:
O16: March – 44 (14.3% of total)
O18: April – 40 (13.0%)
O20: October – 37 (12.1%)
O24: ⚠️ Lowest Months:
O26: November – 15 (4.9%)
O28: August & December – 17 each (5.5%)

Sheet Call trend
M23: ='Customer center Report'!N40 -> % of calls:19%
M24: ='Customer center Report'!N42 -> Call Rank:4
M28: R02 is the top-performing representative in terms of call volume
M29: R04 is the Lowest-performing representative in terms of call volume

Sheet Weekday trend
L22: RO2
L23: Peak Day: Tuesday (44 calls) is R02’s most productive day.
K25: ` | L25: Lowest Days: Monday & Saturday (both 24 calls).
L28: R01
L29: Top Day: Saturday with 40 calls – strongest performance.
L31: Weakest Day: Tuesday with 13 calls – needs improvement.

Sheet Male vs Female Callers
N20: Most calls came from Cleveland (38.9% of total).
N22: Female callers dominate overall (59.9% of total).

Sheet total Amount vs City
M18: Cincinnati - $28,020.67 (29% of total)
M20: Cleveland - $44,446.58 (46% of total)
M22: Columbus - $24,155.75 (25% of total)

Sheet Rating
K23: R02 got a strong number of 5-star ratings

Sheet Amount
L23: ='Customer center Report'!N42 -> Call Rank:4
L24: ='Customer center Report'!N44 -> Amount Rank:4
K29: R02 handled the most calls (218).
K31: R03 generated the highest amount ($20.9K), slightly more than R02.

Sheet Amount vs city
N26: Top contributing customer: C0005 (Columbus) with $2,280

Sheet Rep Summery
C9: Rep Summery
C10: ='Customer center Report'!N40 -> % of calls:19%
C11: ='Customer center Report'!N42 -> Call Rank:4
C12: ='Customer center Report'!N44 -> Amount Rank:4
C18: R02
C19: Call Rank: 1st (Highest number of calls: 218)
C21: Amount Rank: 2nd (Collected ~$20.6K)
C23: R03
C24: Call Rank: 2nd (207 calls)
C26: Amount Rank: 1st (Top revenue earner with ~$20.9K)

Sheet Summery of data analysis
B8: Summery of Data Analysis
J9: 📈 Highest Calls: | M9: 📉 Lowest Call:
B10: 1. Call Volume Analysis
J11: March: 155 (15.5% of total) | M11: August: 50 (5.0% of total)
B14: Which month had the highest and lowest number of calls received?
B16: 2. Purchase Activity | J16: 📈 Highest Purchases: | N16: 📉 Lowest Purchase:
J18: March: 14,563 (15.07% of total) | N18: August: 4,950 (5.12% of total)
B20: Identify the highest and lowest months for purchases.
B22: 3. Call Duration Trends | J22: 📈 Highest Durations: | N22: 📉 Lowest Duration:
J24: March: 13,923 (15.5%) | N24: August: 4,553 (5.1%)
B26: Determine the month with the longest and shortest total call durations.
B28: 4. Customer Rating Trend
J29: ⭐ Highest Rating (3.9): | N29: ⚠️ Lowest Rating (3.8):
J31: Jan, Mar, Apr, May, Jun, Aug, Sep, Oct | N31: Feb, Jul, Nov, Dec
B32: Analyze the average rating trend over time (monthly or weekly). | J32: (Consistently high in most months)
B34: 5. Customer Satisfaction
K35: ✅ Highest Months: | N35: ⚠️ Lowest Months:
K37: March – 44 (14.3% of total) | N37: November – 15 (4.9%)
B38: Which month had the highest number of happy customers (based on ratings )?
B40: 6. Call Handling Performance
J42: R02 is the top-performing representative in terms of call volume
B44: Who handled the most and the fewest calls? | J44: R04 is the Lowest-performing representative in terms of call volume
B46: 7. Weekly Representative Performance
J47: RO2 | P47: R01
J48: Peak Day: Tuesday (44 calls) is R02’s most productive day. | P48: Top Day: Saturday with 40 calls – strongest performance.
B50: Analyze the weekly performance of each representative (calls attended.). | J50: Lowest Days: Monday & Saturday (both 24 calls). | P50: Weakest Day: Tuesday with 13 calls – needs improvement.
B52: 8. Customer Demographics
J54: Most calls came from Cleveland (38.9% of total).
B56: What is the gender distribution of customers? | J56: Female callers dominate overall (59.9% of total).
B58: Which city has the majority of customers?
B60: 9. Revenue by City
J62: Cleveland - $44,446.58 (46% of total)
B64: Which city generated the highest revenue?
B66: 10. Top Rated Representative
J67: R02 got a strong number of 5-star ratings
B70: Who received the most 5-star ratings?
B72: 11. Top Revenue Generator (Rep)
J73: R03 generated the highest amount ($20.9K), slightly more than R02.
B76: Which representative generated the highest amount of revenue?
B78: 12. Top Paying Customer
J80: Top contributing customer: C0005 (Columbus) with $2,280
B82: Which customer paid the highest amount?
C89: Best Call Performer | M89: Best Revenue Performer
C94: R02 | N94: R03
C95: Call Rank: 1st (Highest number of calls: 218) | N95: Amount Rank: 1st (Top revenue earner with ~$20.9K)
